"0","setwd(""~/Google Drive/R Code/Twister Data"")"
"0","#setwd(""/Users/escott03/Google Drive/R Code/Twister Data"")"
"0","library(reshape2)"
"0","library(dplyr)"
"0","library(ggplot2)"
"0","library(readr)"
"0","#library(xlsx)"
"0","library(readxl)"
"0","library(car)"
"2","
Attaching package: ‘car’

"
"2","The following object is masked from ‘package:dplyr’:

    recode

"
"0","#library(scales)"
"0","#library(MASS)"
"0","library(RColorBrewer)"
"0","library(venn)"
"0","source(""~/Google Drive/R Code/myfunctions.R"")"
