"0","#setwd(""/Users/scottericr/Google Drive/R Code/Twister Data"")"
"0","library(reshape2)"
"0","library(tidyr)"
"2","
Attaching package: ‘tidyr’

"
"2","The following object is masked from ‘package:reshape2’:

    smiths

"
"0","library(dplyr)"
"2","
Attaching package: ‘dplyr’

"
"2","The following objects are masked from ‘package:stats’:

    filter, lag

"
"2","The following objects are masked from ‘package:base’:

    intersect, setdiff, setequal, union

"
"0","library(venn)"
"0","library(ggplot2)"
"0","library(readr)"
"0","#library(rJava)"
"0","#library(xlsx)"
"0","source(""~/Google Drive/R Code/myfunctions.R"")"
"2","
Attaching package: ‘scales’

"
"2","The following object is masked from ‘package:readr’:

    col_factor

"
